{
  "area": 10855865.489172341,
  "percPlanningArea": 0.0012160127276293438
}