{
  "area": 778798655.4482822,
  "percPlanningArea": 140.39374058894364,
  "areaUnit": "square miles"
}