{
  "area": 186.52346589434575,
  "percPlanningArea": 2.0893304983862208e-8
}