{
  "area": 8927427519.888056,
  "percPlanningArea": 1609.3439999999998,
  "areaUnit": "square miles"
}