{
  "area": 86465313.9641764,
  "percPlanningArea": 0.009685356030228584,
  "areaUnit": "square meters"
}