{
  "area": 778798655.4482822,
  "percPlanningArea": 0.0872366259724109
}