{
  "area": 10855865.489172341,
  "percPlanningArea": 1.9569827871339183,
  "areaUnit": "square miles"
}