{
  "area": 186.52346589434575,
  "percPlanningArea": 0.00003362451501594874,
  "areaUnit": "square miles"
}