{
  "area": 7243618.475603586,
  "percPlanningArea": 0.0008113892226474684
}