{
  "potentialBySketch": [
    {
      "sketchName": "hawaii-kaunakakai",
      "biomassIncrease": 428921.68813705444,
      "avgPercBiomassIncrease": 5.789064163877851,
      "avgLengthIncrease": 4.517217865444365,
      "avgPercLengthIncrease": 0.30010988241150266
    }
  ],
  "potential": {
    "sketchName": "hawaii-kaunakakai",
    "biomassIncrease": 428921.68813705444,
    "avgPercBiomassIncrease": 5.789064163877851,
    "avgLengthIncrease": 4.517217865444365,
    "avgPercLengthIncrease": 0.30010988241150266
  },
  "lengthUnits": "cm",
  "biomassUnits": "g/m"
}