{
  "area": 321355713.9687295,
  "percPlanningArea": 0.03599645174971514,
  "areaUnit": "square meters"
}