{
  "area": 196069644.41509488,
  "percPlanningArea": 0.021962613975672295
}