{
  "area": 196069644.41509488,
  "percPlanningArea": 0.021962613975672295,
  "areaUnit": "square meters",
  "contourArea": 26962319.81057191,
  "percContourArea": 0.012293868697224819,
  "percSketchInContourArea": 0.1375139935149296
}