{
  "area": 1570062.7467031262,
  "percPlanningArea": 0.0001758695596469893,
  "areaUnit": "square meters",
  "contourArea": 1570062.746703264,
  "percContourArea": 0.0007158933426346244,
  "percSketchInContourArea": 1.0000000000000877
}