{
  "area": 1570062.7467031262,
  "percPlanningArea": 0.0001758695596469893,
  "areaUnit": "square meters"
}