{
  "area": 1938193.0682282012,
  "percPlanningArea": 0.00021710543870677147,
  "areaUnit": "square meters",
  "contourArea": 964982.0765747713,
  "percContourArea": 0.0004399978573035829,
  "percSketchInContourArea": 0.49787716837565077
}