{
  "area": 1938193.0682282012,
  "percPlanningArea": 0.00021710543870677147,
  "areaUnit": "square meters"
}